{"cameraMode":{"drawMode":0,"name":"Shaded","section":"Shading Mode"},"sceneLighting":true,"audioPlay":false,"sceneViewState":{"showFog":true,"showMaterialUpdate":true,"showSkybox":true,"showFlares":true,"showImageEffects":true,"showParticleSystems":true},"in2DMode":false,"pivot":{"x":-88.26447296142578,"y":-32.88880920410156,"z":-84.5293197631836},"rotation":{"x":-0.05482029542326927,"y":0.9356317520141602,"z":-0.16765429079532624,"w":-0.3058624565601349},"size":109.37305450439453,"orthographic":false}