{"cameraMode":{"drawMode":0,"name":"Shaded","section":"Shading Mode"},"sceneLighting":true,"audioPlay":false,"sceneViewState":{"showFog":true,"showMaterialUpdate":true,"showSkybox":true,"showFlares":true,"showImageEffects":true,"showParticleSystems":true},"in2DMode":false,"pivot":{"x":16.020963668823243,"y":-49.85886001586914,"z":-18.263338088989259},"rotation":{"x":0.46116000413894656,"y":0.2937093675136566,"z":-0.16494785249233247,"w":0.8209263682365418},"size":113.51803588867188,"orthographic":false}