{"cameraMode":{"drawMode":0,"name":"Shaded","section":"Shading Mode"},"sceneLighting":true,"audioPlay":false,"sceneViewState":{"showFog":true,"showMaterialUpdate":true,"showSkybox":true,"showFlares":true,"showImageEffects":true,"showParticleSystems":true},"in2DMode":false,"pivot":{"x":-711.3125610351563,"y":-138.01348876953126,"z":-270.9197082519531},"rotation":{"x":0.05673344060778618,"y":-0.7898026704788208,"z":0.07391603291034699,"w":0.6062618494033814},"size":790.2429809570313,"orthographic":false}