{"cameraMode":{"drawMode":0,"name":"Shaded","section":"Shading Mode"},"sceneLighting":true,"audioPlay":false,"sceneViewState":{"showFog":true,"showMaterialUpdate":true,"showSkybox":true,"showFlares":true,"showImageEffects":true,"showParticleSystems":true},"in2DMode":false,"pivot":{"x":-0.6567057967185974,"y":-0.43466874957084658,"z":-38.668033599853519},"rotation":{"x":-0.11810576915740967,"y":-0.3732852041721344,"z":0.04794187843799591,"w":-0.918950617313385},"size":51.364524841308597,"orthographic":false}