{"cameraMode":{"drawMode":0,"name":"Shaded","section":"Shading Mode"},"sceneLighting":true,"audioPlay":false,"sceneViewState":{"showFog":true,"showMaterialUpdate":true,"showSkybox":true,"showFlares":true,"showImageEffects":true,"showParticleSystems":true},"in2DMode":false,"pivot":{"x":70.73590087890625,"y":-26.456499099731447,"z":79.16676330566406},"rotation":{"x":0.11749685555696488,"y":0.32863926887512209,"z":-0.041142165660858157,"w":0.9362568855285645},"size":126.94346618652344,"orthographic":false}