{"cameraMode":{"drawMode":0,"name":"Shaded","section":"Shading Mode"},"sceneLighting":true,"audioPlay":false,"sceneViewState":{"showFog":true,"showMaterialUpdate":true,"showSkybox":true,"showFlares":true,"showImageEffects":true,"showParticleSystems":true},"in2DMode":false,"pivot":{"x":-87.37989044189453,"y":-102.13975524902344,"z":82.75306701660156},"rotation":{"x":-0.2948957681655884,"y":0.2524951994419098,"z":-0.08112415671348572,"w":-0.9180561900138855},"size":193.07176208496095,"orthographic":false}