{"cameraMode":{"drawMode":0,"name":"Shaded","section":"Shading Mode"},"sceneLighting":true,"audioPlay":false,"sceneViewState":{"showFog":true,"showMaterialUpdate":true,"showSkybox":true,"showFlares":true,"showImageEffects":true,"showParticleSystems":true},"in2DMode":false,"pivot":{"x":-31.15639877319336,"y":3.6231861114501955,"z":-10.26160717010498},"rotation":{"x":-0.18113629519939423,"y":-0.7931041717529297,"z":0.2826057970523834,"w":-0.5082986950874329},"size":51.364524841308597,"orthographic":false}