{"cameraMode":{"drawMode":0,"name":"Shaded","section":"Shading Mode"},"sceneLighting":false,"audioPlay":false,"sceneViewState":{"showFog":true,"showMaterialUpdate":true,"showSkybox":false,"showFlares":true,"showImageEffects":true,"showParticleSystems":true},"in2DMode":false,"pivot":{"x":16.329999923706056,"y":1.0,"z":-17.579999923706056},"rotation":{"x":0.017367687076330186,"y":-0.9767739176750183,"z":0.08698046952486038,"w":0.19513347744941712},"size":4.041658401489258,"orthographic":false}