{"cameraMode":{"drawMode":0,"name":"Shaded","section":"Shading Mode"},"sceneLighting":true,"audioPlay":false,"sceneViewState":{"showFog":true,"showMaterialUpdate":true,"showSkybox":true,"showFlares":true,"showImageEffects":true,"showParticleSystems":true},"in2DMode":false,"pivot":{"x":-511.6099548339844,"y":-448.2995300292969,"z":586.1605834960938},"rotation":{"x":0.24424904584884644,"y":-0.3424002528190613,"z":0.09269643574953079,"w":0.9025093913078308},"size":938.0239868164063,"orthographic":false}