{"cameraMode":{"drawMode":0,"name":"Shaded","section":"Shading Mode"},"sceneLighting":true,"audioPlay":false,"sceneViewState":{"showFog":true,"showMaterialUpdate":true,"showSkybox":true,"showFlares":true,"showImageEffects":true,"showParticleSystems":true},"in2DMode":false,"pivot":{"x":288.56695556640627,"y":530.2175903320313,"z":86.00018310546875},"rotation":{"x":-0.004811651539057493,"y":0.0028946655802428724,"z":0.0000045442279770213648,"w":-1.000048279762268},"size":610.4281005859375,"orthographic":false}