{"cameraMode":{"drawMode":0,"name":"Shaded","section":"Shading Mode"},"sceneLighting":true,"audioPlay":false,"sceneViewState":{"showFog":true,"showMaterialUpdate":true,"showSkybox":true,"showFlares":true,"showImageEffects":true,"showParticleSystems":true},"in2DMode":false,"pivot":{"x":-644.4461669921875,"y":-312.61834716796877,"z":-132.88909912109376},"rotation":{"x":0.1511395126581192,"y":-0.7250877022743225,"z":0.16848275065422059,"w":0.6504289507865906},"size":777.9813232421875,"orthographic":false}