{"cameraMode":{"drawMode":0,"name":"Shaded","section":"Shading Mode"},"sceneLighting":true,"audioPlay":false,"sceneViewState":{"showFog":true,"showMaterialUpdate":true,"showSkybox":true,"showFlares":true,"showImageEffects":true,"showParticleSystems":true},"in2DMode":false,"pivot":{"x":-348.5321960449219,"y":-476.1565856933594,"z":791.6193237304688},"rotation":{"x":0.24290817975997926,"y":-0.1987266093492508,"z":0.0509444884955883,"w":0.9481152296066284},"size":1011.962646484375,"orthographic":false}