{"cameraMode":{"drawMode":0,"name":"Shaded","section":"Shading Mode"},"sceneLighting":true,"audioPlay":false,"sceneViewState":{"showFog":true,"showMaterialUpdate":true,"showSkybox":true,"showFlares":true,"showImageEffects":true,"showParticleSystems":true},"in2DMode":false,"pivot":{"x":-571.8905639648438,"y":-460.6966857910156,"z":323.7109069824219},"rotation":{"x":0.2649061679840088,"y":-0.4624127447605133,"z":0.14703534543514253,"w":0.833301305770874},"size":828.6792602539063,"orthographic":false}