{"cameraMode":{"drawMode":0,"name":"Shaded","section":"Shading Mode"},"sceneLighting":true,"audioPlay":false,"sceneViewState":{"showFog":true,"showMaterialUpdate":true,"showSkybox":true,"showFlares":true,"showImageEffects":true,"showParticleSystems":true},"in2DMode":false,"pivot":{"x":-709.0255126953125,"y":-201.84088134765626,"z":-400.40228271484377},"rotation":{"x":0.06880583614110947,"y":-0.8422932624816895,"z":0.1108187660574913,"w":0.5230178833007813},"size":833.73388671875,"orthographic":false}