{"cameraMode":{"drawMode":0,"name":"Shaded","section":"Shading Mode"},"sceneLighting":true,"audioPlay":false,"sceneViewState":{"showFog":true,"showMaterialUpdate":true,"showSkybox":true,"showFlares":true,"showImageEffects":true,"showParticleSystems":true},"in2DMode":false,"pivot":{"x":-378.44976806640627,"y":-132.07803344726563,"z":-284.88800048828127},"rotation":{"x":-0.07204996049404144,"y":0.8592423796653748,"z":-0.12617826461791993,"w":-0.4905664324760437},"size":512.2593994140625,"orthographic":false}